
<Page xmlns="http://www.nativescript.org/tns.xsd" navigatingTo="onNavigatingTo" >
    <Page.actionBar>
        <ActionBar title="Delete user">
         <NavigationButton text="Go Back" android.systemIcon="ic_menu_back" tap="onTap"/>
         </ActionBar>
    </Page.actionBar>
<Label text="Tap the user you want to delete" />

<ListView items="{{ myTitles }}" 
          itemTap="onItemTap" 
          loaded="{{ onListViewLoaded }}" 
          separatorColor="blue" rowHeight="100"
          class="list-group" id="listView" row="2">
    <ListView.itemTemplate>
        <!-- The item template can only have a single root view container (e.g. GriLayout, StackLayout, etc.) -->
        <StackLayout class="list-group-item">
            <Label text="{{ title || 'Downloading...' }}" textWrap="true" class="title" />
            <Label text="Tap to delete" textWrap="true" class="title" />
        </StackLayout>
    </ListView.itemTemplate>
</ListView>
</Page>