
<Page xmlns="http://www.nativescript.org/tns.xsd" navigatingTo="onNavigatingTo" >
<Page.actionBar>
        <ActionBar title="New User">
        <NavigationButton text="Go Back" android.systemIcon="ic_menu_back" tap="onNavBtnTap"/>
        </ActionBar>
    </Page.actionBar>

 <ScrollView>
    <StackLayout class="form">
<Label text="Traveler Registration" class="head"/>
         <Image src="~/images/logo.jpg"   class="logo"></Image>

        <StackLayout class="input-field">
            
            <TextField class="NonEmptyValidator" hint="Email*" text="{{ email }}"
                editable="true" />
        </StackLayout>

        <StackLayout class="input-field">
            
            <TextField class="MinimumLengthValidator" hint="Name*" text="{{ username }}"
                editable="true" />
        </StackLayout>

        <StackLayout class="input-field">
           
            <TextField class="MinimumLengthValidator" hint="Password*" text="{{ password }}"
                secure="true" editable="true" />
        </StackLayout>

<StackLayout class="input-field">
           
            <TextField class="MinimumLengthValidator " hint="Confirm Password*" text="{{ password2 }}"
                secure="true" editable="true" />
        </StackLayout>

        <StackLayout class="input-field">
           
            <TextField class="MinimumLengthValidator " hint="Preferences" text="{{ prefer }}"
                 editable="true" />
        </StackLayout>
        
        <Button class="btn btn-primary btn-active" text="Register" tap="register" />




    </StackLayout>
     </ScrollView> 


    
</Page>